{
    "loss": 6.478090763092041,
    "accuracy": 0.7159731388092041
}